,Catageories,Freq,Relative Freq
0,Y,7,46.666666666666664
1,N,8,53.333333333333336
